[{"model": "admin.logentry", "pk": 1, "fields": {"action_time": "2022-08-10T10:34:26.221Z", "user": 1, "content_type": 7, "object_id": "1", "object_repr": "Damodar VIshwakarma", "action_flag": 1, "change_message": "[{\"added\": {}}]"}}, {"model": "admin.logentry", "pk": 2, "fields": {"action_time": "2022-08-10T10:34:36.427Z", "user": 1, "content_type": 11, "object_id": "1", "object_repr": "Damodar VIshwakarma", "action_flag": 1, "change_message": "[{\"added\": {}}]"}}, {"model": "admin.logentry", "pk": 3, "fields": {"action_time": "2022-08-16T07:38:33.605Z", "user": 1, "content_type": 7, "object_id": "2", "object_repr": "Test User", "action_flag": 1, "change_message": "[{\"added\": {}}]"}}, {"model": "admin.logentry", "pk": 4, "fields": {"action_time": "2022-08-16T07:39:00.337Z", "user": 1, "content_type": 11, "object_id": "3", "object_repr": "Test User", "action_flag": 1, "change_message": "[{\"added\": {}}]"}}, {"model": "admin.logentry", "pk": 5, "fields": {"action_time": "2022-08-17T19:17:12.744Z", "user": 1, "content_type": 7, "object_id": "3", "object_repr": "Shailja Vishwakarma", "action_flag": 1, "change_message": "[{\"added\": {}}]"}}, {"model": "admin.logentry", "pk": 6, "fields": {"action_time": "2022-08-17T19:17:38.892Z", "user": 1, "content_type": 11, "object_id": "4", "object_repr": "Shailja Vishwakarma", "action_flag": 1, "change_message": "[{\"added\": {}}]"}}, {"model": "admin.logentry", "pk": 7, "fields": {"action_time": "2022-08-22T05:46:25.616Z", "user": 1, "content_type": 11, "object_id": "1", "object_repr": "Damodar VIshwakarma", "action_flag": 3, "change_message": ""}}, {"model": "admin.logentry", "pk": 8, "fields": {"action_time": "2022-08-22T05:46:25.698Z", "user": 1, "content_type": 11, "object_id": "2", "object_repr": "Damodar VIshwakarma", "action_flag": 3, "change_message": ""}}, {"model": "admin.logentry", "pk": 9, "fields": {"action_time": "2022-08-22T05:46:25.709Z", "user": 1, "content_type": 11, "object_id": "4", "object_repr": "Shailja Vishwakarma", "action_flag": 3, "change_message": ""}}, {"model": "admin.logentry", "pk": 10, "fields": {"action_time": "2022-08-22T05:46:25.720Z", "user": 1, "content_type": 11, "object_id": "5", "object_repr": "Test User", "action_flag": 3, "change_message": ""}}, {"model": "admin.logentry", "pk": 11, "fields": {"action_time": "2022-08-24T08:27:16.646Z", "user": 1, "content_type": 11, "object_id": "12", "object_repr": "Tony Gonzalez", "action_flag": 3, "change_message": ""}}, {"model": "admin.logentry", "pk": 12, "fields": {"action_time": "2022-08-24T10:30:36.022Z", "user": 1, "content_type": 11, "object_id": "15", "object_repr": "Michael Hernandez", "action_flag": 1, "change_message": "[{\"added\": {}}]"}}, {"model": "admin.logentry", "pk": 13, "fields": {"action_time": "2022-08-26T05:34:05.925Z", "user": 1, "content_type": 11, "object_id": "21", "object_repr": "1", "action_flag": 3, "change_message": ""}}, {"model": "admin.logentry", "pk": 14, "fields": {"action_time": "2022-08-26T05:57:38.812Z", "user": 1, "content_type": 11, "object_id": "23", "object_repr": "1", "action_flag": 3, "change_message": ""}}, {"model": "admin.logentry", "pk": 15, "fields": {"action_time": "2022-08-30T10:37:47.952Z", "user": 1, "content_type": 11, "object_id": "35", "object_repr": "Damodar VIshwakarma", "action_flag": 3, "change_message": ""}}, {"model": "admin.logentry", "pk": 16, "fields": {"action_time": "2022-09-10T07:33:27.705Z", "user": 1, "content_type": 11, "object_id": "51", "object_repr": "Shailja Vishwakarma", "action_flag": 3, "change_message": ""}}, {"model": "admin.logentry", "pk": 17, "fields": {"action_time": "2022-09-10T07:33:27.756Z", "user": 1, "content_type": 11, "object_id": "52", "object_repr": "Shailja Vishwakarma", "action_flag": 3, "change_message": ""}}, {"model": "admin.logentry", "pk": 18, "fields": {"action_time": "2022-09-10T07:33:27.768Z", "user": 1, "content_type": 11, "object_id": "53", "object_repr": "Damodar VIshwakarma", "action_flag": 3, "change_message": ""}}, {"model": "admin.logentry", "pk": 19, "fields": {"action_time": "2022-09-10T07:33:27.779Z", "user": 1, "content_type": 11, "object_id": "54", "object_repr": "Damodar VIshwakarma", "action_flag": 3, "change_message": ""}}, {"model": "admin.logentry", "pk": 20, "fields": {"action_time": "2022-09-10T07:33:27.790Z", "user": 1, "content_type": 11, "object_id": "55", "object_repr": "Damodar VIshwakarma", "action_flag": 3, "change_message": ""}}, {"model": "admin.logentry", "pk": 21, "fields": {"action_time": "2022-09-10T07:33:27.802Z", "user": 1, "content_type": 11, "object_id": "56", "object_repr": "Damodar VIshwakarma", "action_flag": 3, "change_message": ""}}, {"model": "admin.logentry", "pk": 22, "fields": {"action_time": "2022-09-10T07:33:27.812Z", "user": 1, "content_type": 11, "object_id": "57", "object_repr": "Damodar VIshwakarma", "action_flag": 3, "change_message": ""}}, {"model": "admin.logentry", "pk": 23, "fields": {"action_time": "2022-09-10T07:33:27.823Z", "user": 1, "content_type": 11, "object_id": "58", "object_repr": "Damodar VIshwakarma", "action_flag": 3, "change_message": ""}}, {"model": "admin.logentry", "pk": 24, "fields": {"action_time": "2022-09-10T07:33:27.835Z", "user": 1, "content_type": 11, "object_id": "59", "object_repr": "Damodar VIshwakarma", "action_flag": 3, "change_message": ""}}, {"model": "admin.logentry", "pk": 25, "fields": {"action_time": "2022-09-10T07:33:27.845Z", "user": 1, "content_type": 11, "object_id": "60", "object_repr": "Damodar VIshwakarma", "action_flag": 3, "change_message": ""}}, {"model": "admin.logentry", "pk": 26, "fields": {"action_time": "2022-09-10T07:33:27.856Z", "user": 1, "content_type": 11, "object_id": "61", "object_repr": "Damodar VIshwakarma", "action_flag": 3, "change_message": ""}}, {"model": "admin.logentry", "pk": 27, "fields": {"action_time": "2022-09-10T07:33:27.867Z", "user": 1, "content_type": 11, "object_id": "62", "object_repr": "Damodar VIshwakarma", "action_flag": 3, "change_message": ""}}, {"model": "admin.logentry", "pk": 28, "fields": {"action_time": "2022-09-10T07:33:27.878Z", "user": 1, "content_type": 11, "object_id": "63", "object_repr": "Damodar VIshwakarma", "action_flag": 3, "change_message": ""}}, {"model": "admin.logentry", "pk": 29, "fields": {"action_time": "2022-09-10T07:33:27.889Z", "user": 1, "content_type": 11, "object_id": "64", "object_repr": "Damodar VIshwakarma", "action_flag": 3, "change_message": ""}}, {"model": "admin.logentry", "pk": 30, "fields": {"action_time": "2022-09-10T07:33:27.901Z", "user": 1, "content_type": 11, "object_id": "65", "object_repr": "Damodar VIshwakarma", "action_flag": 3, "change_message": ""}}, {"model": "admin.logentry", "pk": 31, "fields": {"action_time": "2022-09-10T07:33:27.912Z", "user": 1, "content_type": 11, "object_id": "66", "object_repr": "Damodar VIshwakarma", "action_flag": 3, "change_message": ""}}, {"model": "admin.logentry", "pk": 32, "fields": {"action_time": "2022-09-10T07:33:27.934Z", "user": 1, "content_type": 11, "object_id": "67", "object_repr": "Rebecca Lutz", "action_flag": 3, "change_message": ""}}, {"model": "admin.logentry", "pk": 33, "fields": {"action_time": "2022-09-10T07:33:27.945Z", "user": 1, "content_type": 11, "object_id": "68", "object_repr": "Damodar VIshwakarma", "action_flag": 3, "change_message": ""}}, {"model": "admin.logentry", "pk": 34, "fields": {"action_time": "2022-09-10T07:33:27.956Z", "user": 1, "content_type": 11, "object_id": "76", "object_repr": "Damodar VIshwakarma", "action_flag": 3, "change_message": ""}}, {"model": "admin.logentry", "pk": 35, "fields": {"action_time": "2022-09-10T07:33:27.967Z", "user": 1, "content_type": 11, "object_id": "79", "object_repr": "Damodar VIshwakarma", "action_flag": 3, "change_message": ""}}, {"model": "admin.logentry", "pk": 36, "fields": {"action_time": "2022-09-10T07:33:27.978Z", "user": 1, "content_type": 11, "object_id": "80", "object_repr": "Damodar VIshwakarma", "action_flag": 3, "change_message": ""}}, {"model": "admin.logentry", "pk": 37, "fields": {"action_time": "2022-09-10T07:33:27.989Z", "user": 1, "content_type": 11, "object_id": "84", "object_repr": "Damodar VIshwakarma", "action_flag": 3, "change_message": ""}}, {"model": "admin.logentry", "pk": 38, "fields": {"action_time": "2022-09-10T07:33:28.000Z", "user": 1, "content_type": 11, "object_id": "90", "object_repr": "Damodar VIshwakarma", "action_flag": 3, "change_message": ""}}, {"model": "admin.logentry", "pk": 39, "fields": {"action_time": "2022-09-10T07:33:28.011Z", "user": 1, "content_type": 11, "object_id": "94", "object_repr": "Damodar VIshwakarma", "action_flag": 3, "change_message": ""}}, {"model": "admin.logentry", "pk": 40, "fields": {"action_time": "2022-09-10T07:33:28.022Z", "user": 1, "content_type": 11, "object_id": "97", "object_repr": "Shailja Vishwakarma", "action_flag": 3, "change_message": ""}}, {"model": "admin.logentry", "pk": 41, "fields": {"action_time": "2022-09-10T07:33:28.033Z", "user": 1, "content_type": 11, "object_id": "99", "object_repr": "Shailja Vishwakarma", "action_flag": 3, "change_message": ""}}, {"model": "admin.logentry", "pk": 42, "fields": {"action_time": "2022-09-10T07:33:28.045Z", "user": 1, "content_type": 11, "object_id": "100", "object_repr": "Shailja Vishwakarma", "action_flag": 3, "change_message": ""}}, {"model": "admin.logentry", "pk": 43, "fields": {"action_time": "2022-09-10T07:33:28.056Z", "user": 1, "content_type": 11, "object_id": "101", "object_repr": "Shailja Vishwakarma", "action_flag": 3, "change_message": ""}}, {"model": "admin.logentry", "pk": 44, "fields": {"action_time": "2022-09-10T07:33:28.066Z", "user": 1, "content_type": 11, "object_id": "102", "object_repr": "Shailja Vishwakarma", "action_flag": 3, "change_message": ""}}, {"model": "admin.logentry", "pk": 45, "fields": {"action_time": "2022-09-10T07:33:28.078Z", "user": 1, "content_type": 11, "object_id": "103", "object_repr": "Shailja Vishwakarma", "action_flag": 3, "change_message": ""}}, {"model": "admin.logentry", "pk": 46, "fields": {"action_time": "2022-09-10T07:33:28.089Z", "user": 1, "content_type": 11, "object_id": "104", "object_repr": "Shailja Vishwakarma", "action_flag": 3, "change_message": ""}}, {"model": "admin.logentry", "pk": 47, "fields": {"action_time": "2022-09-10T07:33:28.100Z", "user": 1, "content_type": 11, "object_id": "105", "object_repr": "Shailja Vishwakarma", "action_flag": 3, "change_message": ""}}, {"model": "admin.logentry", "pk": 48, "fields": {"action_time": "2022-09-10T07:33:28.111Z", "user": 1, "content_type": 11, "object_id": "106", "object_repr": "Shailja Vishwakarma", "action_flag": 3, "change_message": ""}}, {"model": "admin.logentry", "pk": 49, "fields": {"action_time": "2022-09-10T07:39:37.933Z", "user": 1, "content_type": 11, "object_id": "107", "object_repr": "Damodar VIshwakarma", "action_flag": 3, "change_message": ""}}, {"model": "admin.logentry", "pk": 50, "fields": {"action_time": "2022-09-10T07:39:37.991Z", "user": 1, "content_type": 11, "object_id": "108", "object_repr": "Damodar VIshwakarma", "action_flag": 3, "change_message": ""}}, {"model": "admin.logentry", "pk": 51, "fields": {"action_time": "2022-09-12T11:18:09.373Z", "user": 1, "content_type": 11, "object_id": "111", "object_repr": "Damodar VIshwakarma", "action_flag": 3, "change_message": ""}}, {"model": "admin.logentry", "pk": 52, "fields": {"action_time": "2022-09-12T11:18:09.407Z", "user": 1, "content_type": 11, "object_id": "113", "object_repr": "Damodar VIshwakarma", "action_flag": 3, "change_message": ""}}, {"model": "admin.logentry", "pk": 53, "fields": {"action_time": "2022-09-12T11:18:09.418Z", "user": 1, "content_type": 11, "object_id": "114", "object_repr": "Damodar VIshwakarma", "action_flag": 3, "change_message": ""}}, {"model": "admin.logentry", "pk": 54, "fields": {"action_time": "2022-09-12T11:18:09.429Z", "user": 1, "content_type": 11, "object_id": "115", "object_repr": "Damodar VIshwakarma", "action_flag": 3, "change_message": ""}}, {"model": "admin.logentry", "pk": 55, "fields": {"action_time": "2022-09-12T11:18:09.440Z", "user": 1, "content_type": 11, "object_id": "116", "object_repr": "Damodar VIshwakarma", "action_flag": 3, "change_message": ""}}, {"model": "admin.logentry", "pk": 56, "fields": {"action_time": "2022-09-12T11:18:09.451Z", "user": 1, "content_type": 11, "object_id": "117", "object_repr": "Damodar VIshwakarma", "action_flag": 3, "change_message": ""}}, {"model": "admin.logentry", "pk": 57, "fields": {"action_time": "2022-09-12T11:18:09.462Z", "user": 1, "content_type": 11, "object_id": "118", "object_repr": "Damodar VIshwakarma", "action_flag": 3, "change_message": ""}}, {"model": "admin.logentry", "pk": 58, "fields": {"action_time": "2022-09-12T11:18:09.473Z", "user": 1, "content_type": 11, "object_id": "119", "object_repr": "Damodar VIshwakarma", "action_flag": 3, "change_message": ""}}, {"model": "admin.logentry", "pk": 59, "fields": {"action_time": "2022-09-12T11:18:09.484Z", "user": 1, "content_type": 11, "object_id": "120", "object_repr": "Damodar VIshwakarma", "action_flag": 3, "change_message": ""}}, {"model": "admin.logentry", "pk": 60, "fields": {"action_time": "2022-09-12T11:18:09.495Z", "user": 1, "content_type": 11, "object_id": "121", "object_repr": "Damodar VIshwakarma", "action_flag": 3, "change_message": ""}}, {"model": "admin.logentry", "pk": 61, "fields": {"action_time": "2022-09-12T11:18:09.506Z", "user": 1, "content_type": 11, "object_id": "122", "object_repr": "Damodar VIshwakarma", "action_flag": 3, "change_message": ""}}, {"model": "admin.logentry", "pk": 62, "fields": {"action_time": "2022-09-12T11:18:09.517Z", "user": 1, "content_type": 11, "object_id": "123", "object_repr": "Damodar VIshwakarma", "action_flag": 3, "change_message": ""}}, {"model": "admin.logentry", "pk": 63, "fields": {"action_time": "2022-09-12T11:18:09.528Z", "user": 1, "content_type": 11, "object_id": "124", "object_repr": "Damodar VIshwakarma", "action_flag": 3, "change_message": ""}}, {"model": "admin.logentry", "pk": 64, "fields": {"action_time": "2022-09-12T11:18:09.540Z", "user": 1, "content_type": 11, "object_id": "125", "object_repr": "Damodar VIshwakarma", "action_flag": 3, "change_message": ""}}, {"model": "admin.logentry", "pk": 65, "fields": {"action_time": "2022-09-12T11:18:09.550Z", "user": 1, "content_type": 11, "object_id": "128", "object_repr": "Damodar VIshwakarma", "action_flag": 3, "change_message": ""}}, {"model": "admin.logentry", "pk": 66, "fields": {"action_time": "2022-09-12T11:18:09.562Z", "user": 1, "content_type": 11, "object_id": "130", "object_repr": "Damodar VIshwakarma", "action_flag": 3, "change_message": ""}}, {"model": "admin.logentry", "pk": 67, "fields": {"action_time": "2022-09-12T11:18:09.573Z", "user": 1, "content_type": 11, "object_id": "132", "object_repr": "Damodar VIshwakarma", "action_flag": 3, "change_message": ""}}, {"model": "admin.logentry", "pk": 68, "fields": {"action_time": "2022-09-12T11:19:07.365Z", "user": 1, "content_type": 11, "object_id": "18", "object_repr": "Damodar VIshwakarma", "action_flag": 3, "change_message": ""}}, {"model": "admin.logentry", "pk": 69, "fields": {"action_time": "2022-09-12T11:19:07.392Z", "user": 1, "content_type": 11, "object_id": "19", "object_repr": "Damodar VIshwakarma", "action_flag": 3, "change_message": ""}}, {"model": "admin.logentry", "pk": 70, "fields": {"action_time": "2022-09-12T11:19:07.447Z", "user": 1, "content_type": 11, "object_id": "20", "object_repr": "Damodar VIshwakarma", "action_flag": 3, "change_message": ""}}, {"model": "admin.logentry", "pk": 71, "fields": {"action_time": "2022-09-12T11:19:07.458Z", "user": 1, "content_type": 11, "object_id": "22", "object_repr": "Damodar VIshwakarma", "action_flag": 3, "change_message": ""}}, {"model": "admin.logentry", "pk": 72, "fields": {"action_time": "2022-09-12T11:19:07.469Z", "user": 1, "content_type": 11, "object_id": "26", "object_repr": "Damodar VIshwakarma", "action_flag": 3, "change_message": ""}}, {"model": "admin.logentry", "pk": 73, "fields": {"action_time": "2022-09-12T11:19:07.481Z", "user": 1, "content_type": 11, "object_id": "30", "object_repr": "Damodar VIshwakarma", "action_flag": 3, "change_message": ""}}, {"model": "admin.logentry", "pk": 74, "fields": {"action_time": "2022-09-12T11:19:07.492Z", "user": 1, "content_type": 11, "object_id": "33", "object_repr": "Damodar VIshwakarma", "action_flag": 3, "change_message": ""}}, {"model": "admin.logentry", "pk": 75, "fields": {"action_time": "2022-09-12T11:19:07.503Z", "user": 1, "content_type": 11, "object_id": "34", "object_repr": "Damodar VIshwakarma", "action_flag": 3, "change_message": ""}}, {"model": "admin.logentry", "pk": 76, "fields": {"action_time": "2022-09-12T11:19:07.514Z", "user": 1, "content_type": 11, "object_id": "36", "object_repr": "Damodar VIshwakarma", "action_flag": 3, "change_message": ""}}, {"model": "auth.permission", "pk": 1, "fields": {"name": "Can add log entry", "content_type": 1, "codename": "add_logentry"}}, {"model": "auth.permission", "pk": 2, "fields": {"name": "Can change log entry", "content_type": 1, "codename": "change_logentry"}}, {"model": "auth.permission", "pk": 3, "fields": {"name": "Can delete log entry", "content_type": 1, "codename": "delete_logentry"}}, {"model": "auth.permission", "pk": 4, "fields": {"name": "Can view log entry", "content_type": 1, "codename": "view_logentry"}}, {"model": "auth.permission", "pk": 5, "fields": {"name": "Can add permission", "content_type": 2, "codename": "add_permission"}}, {"model": "auth.permission", "pk": 6, "fields": {"name": "Can change permission", "content_type": 2, "codename": "change_permission"}}, {"model": "auth.permission", "pk": 7, "fields": {"name": "Can delete permission", "content_type": 2, "codename": "delete_permission"}}, {"model": "auth.permission", "pk": 8, "fields": {"name": "Can view permission", "content_type": 2, "codename": "view_permission"}}, {"model": "auth.permission", "pk": 9, "fields": {"name": "Can add group", "content_type": 3, "codename": "add_group"}}, {"model": "auth.permission", "pk": 10, "fields": {"name": "Can change group", "content_type": 3, "codename": "change_group"}}, {"model": "auth.permission", "pk": 11, "fields": {"name": "Can delete group", "content_type": 3, "codename": "delete_group"}}, {"model": "auth.permission", "pk": 12, "fields": {"name": "Can view group", "content_type": 3, "codename": "view_group"}}, {"model": "auth.permission", "pk": 13, "fields": {"name": "Can add user", "content_type": 4, "codename": "add_user"}}, {"model": "auth.permission", "pk": 14, "fields": {"name": "Can change user", "content_type": 4, "codename": "change_user"}}, {"model": "auth.permission", "pk": 15, "fields": {"name": "Can delete user", "content_type": 4, "codename": "delete_user"}}, {"model": "auth.permission", "pk": 16, "fields": {"name": "Can view user", "content_type": 4, "codename": "view_user"}}, {"model": "auth.permission", "pk": 17, "fields": {"name": "Can add content type", "content_type": 5, "codename": "add_contenttype"}}, {"model": "auth.permission", "pk": 18, "fields": {"name": "Can change content type", "content_type": 5, "codename": "change_contenttype"}}, {"model": "auth.permission", "pk": 19, "fields": {"name": "Can delete content type", "content_type": 5, "codename": "delete_contenttype"}}, {"model": "auth.permission", "pk": 20, "fields": {"name": "Can view content type", "content_type": 5, "codename": "view_contenttype"}}, {"model": "auth.permission", "pk": 21, "fields": {"name": "Can add session", "content_type": 6, "codename": "add_session"}}, {"model": "auth.permission", "pk": 22, "fields": {"name": "Can change session", "content_type": 6, "codename": "change_session"}}, {"model": "auth.permission", "pk": 23, "fields": {"name": "Can delete session", "content_type": 6, "codename": "delete_session"}}, {"model": "auth.permission", "pk": 24, "fields": {"name": "Can view session", "content_type": 6, "codename": "view_session"}}, {"model": "auth.permission", "pk": 25, "fields": {"name": "Can add employee", "content_type": 7, "codename": "add_employee"}}, {"model": "auth.permission", "pk": 26, "fields": {"name": "Can change employee", "content_type": 7, "codename": "change_employee"}}, {"model": "auth.permission", "pk": 27, "fields": {"name": "Can delete employee", "content_type": 7, "codename": "delete_employee"}}, {"model": "auth.permission", "pk": 28, "fields": {"name": "Can view employee", "content_type": 7, "codename": "view_employee"}}, {"model": "auth.permission", "pk": 29, "fields": {"name": "Can add contract", "content_type": 8, "codename": "add_contract"}}, {"model": "auth.permission", "pk": 30, "fields": {"name": "Can change contract", "content_type": 8, "codename": "change_contract"}}, {"model": "auth.permission", "pk": 31, "fields": {"name": "Can delete contract", "content_type": 8, "codename": "delete_contract"}}, {"model": "auth.permission", "pk": 32, "fields": {"name": "Can view contract", "content_type": 8, "codename": "view_contract"}}, {"model": "auth.permission", "pk": 33, "fields": {"name": "Can add Company", "content_type": 9, "codename": "add_company"}}, {"model": "auth.permission", "pk": 34, "fields": {"name": "Can change Company", "content_type": 9, "codename": "change_company"}}, {"model": "auth.permission", "pk": 35, "fields": {"name": "Can delete Company", "content_type": 9, "codename": "delete_company"}}, {"model": "auth.permission", "pk": 36, "fields": {"name": "Can view Company", "content_type": 9, "codename": "view_company"}}, {"model": "auth.permission", "pk": 37, "fields": {"name": "Can add Address", "content_type": 10, "codename": "add_address"}}, {"model": "auth.permission", "pk": 38, "fields": {"name": "Can change Address", "content_type": 10, "codename": "change_address"}}, {"model": "auth.permission", "pk": 39, "fields": {"name": "Can delete Address", "content_type": 10, "codename": "delete_address"}}, {"model": "auth.permission", "pk": 40, "fields": {"name": "Can view Address", "content_type": 10, "codename": "view_address"}}, {"model": "auth.permission", "pk": 41, "fields": {"name": "Can add employee attendance", "content_type": 11, "codename": "add_employeeattendance"}}, {"model": "auth.permission", "pk": 42, "fields": {"name": "Can change employee attendance", "content_type": 11, "codename": "change_employeeattendance"}}, {"model": "auth.permission", "pk": 43, "fields": {"name": "Can delete employee attendance", "content_type": 11, "codename": "delete_employeeattendance"}}, {"model": "auth.permission", "pk": 44, "fields": {"name": "Can view employee attendance", "content_type": 11, "codename": "view_employeeattendance"}}, {"model": "auth.user", "pk": 1, "fields": {"password": "pbkdf2_sha256$320000$8DHY9ErqGK9WyLD4DNjiV3$LijYDxYQeZDiSX7N3tQBh3jHk3n/bskldJ8UlUQH3Ok=", "last_login": "2022-09-15T12:42:00.849Z", "is_superuser": true, "username": "admin", "first_name": "", "last_name": "", "email": "admin@yopmail.com", "is_staff": true, "is_active": true, "date_joined": "2022-08-10T10:33:46.075Z", "groups": [], "user_permissions": []}}, {"model": "contenttypes.contenttype", "pk": 1, "fields": {"app_label": "admin", "model": "logentry"}}, {"model": "contenttypes.contenttype", "pk": 2, "fields": {"app_label": "auth", "model": "permission"}}, {"model": "contenttypes.contenttype", "pk": 3, "fields": {"app_label": "auth", "model": "group"}}, {"model": "contenttypes.contenttype", "pk": 4, "fields": {"app_label": "auth", "model": "user"}}, {"model": "contenttypes.contenttype", "pk": 5, "fields": {"app_label": "contenttypes", "model": "contenttype"}}, {"model": "contenttypes.contenttype", "pk": 6, "fields": {"app_label": "sessions", "model": "session"}}, {"model": "contenttypes.contenttype", "pk": 7, "fields": {"app_label": "employee", "model": "employee"}}, {"model": "contenttypes.contenttype", "pk": 8, "fields": {"app_label": "employee", "model": "contract"}}, {"model": "contenttypes.contenttype", "pk": 9, "fields": {"app_label": "company", "model": "company"}}, {"model": "contenttypes.contenttype", "pk": 10, "fields": {"app_label": "shared", "model": "address"}}, {"model": "contenttypes.contenttype", "pk": 11, "fields": {"app_label": "attendance", "model": "employeeattendance"}}, {"model": "sessions.session", "pk": "49fkrlj9a20gcerrvv2m919kiov1hev4", "fields": {"session_data": ".eJxVjMsOwiAQRf-FtSGMUB4u3fcbCDOAVA0kpV0Z_11JutDc3T0n58V82Lfi955Wv0R2YcBOvx8GeqQ6QLyHemucWt3WBflQ-EE7n1tMz-vh_gVK6GVkpRNJA5lgIQnSZiKHxqYJ83cS0UKOkpCUEjmrDKANihAdmLOzRrD3B_NgODE:1oSyce:lUKoQ0nBn_9lh783fitsL9GQbQswzOxInCgOVfC7_PY", "expire_date": "2022-09-13T10:37:32.600Z"}}, {"model": "sessions.session", "pk": "aq39vdj6kfn9572y2mb1w7n2ym4e8k10", "fields": {"session_data": ".eJxVjMsOwiAQRf-FtSGMUB4u3fcbCDOAVA0kpV0Z_11JutDc3T0n58V82Lfi955Wv0R2YcBOvx8GeqQ6QLyHemucWt3WBflQ-EE7n1tMz-vh_gVK6GVkpRNJA5lgIQnSZiKHxqYJ83cS0UKOkpCUEjmrDKANihAdmLOzRrD3B_NgODE:1oQYZe:BxmOrqTc38aC3UbX73tg97uNWdRg36BC2iAlqB3WMuU", "expire_date": "2022-09-06T18:24:26.360Z"}}, {"model": "sessions.session", "pk": "eoc6t4x4ox28rhc084tulj9adbnejo94", "fields": {"session_data": ".eJxVjMsOwiAQRf-FtSGMUB4u3fcbCDOAVA0kpV0Z_11JutDc3T0n58V82Lfi955Wv0R2YcBOvx8GeqQ6QLyHemucWt3WBflQ-EE7n1tMz-vh_gVK6GVkpRNJA5lgIQnSZiKHxqYJ83cS0UKOkpCUEjmrDKANihAdmLOzRrD3B_NgODE:1oMNeH:wNDPremHhYQVenJDFQhmXfsdlpIq9OM5viRJkslC_Jg", "expire_date": "2022-08-26T05:55:57.665Z"}}, {"model": "sessions.session", "pk": "wctnr5qbkutvapvupr7cvxz8yna7v05f", "fields": {"session_data": ".eJxVjMsOwiAQRf-FtSGMUB4u3fcbCDOAVA0kpV0Z_11JutDc3T0n58V82Lfi955Wv0R2YcBOvx8GeqQ6QLyHemucWt3WBflQ-EE7n1tMz-vh_gVK6GVkpRNJA5lgIQnSZiKHxqYJ83cS0UKOkpCUEjmrDKANihAdmLOzRrD3B_NgODE:1oYoBt:yPBiCBZLRfn4WH8VJDnXVQIOBv3NnrKGq6stbQyGp3E", "expire_date": "2022-09-29T12:42:01.035Z"}}, {"model": "employee.employee", "pk": 1, "fields": {"title": "Mr.", "firstname": "Damodar", "lastname": "VIshwakarma", "date_of_birth": "2021-10-13", "contact_number": "09993087081", "email": "admin@gmail.com", "date_of_joining": "2022-08-10"}}, {"model": "employee.employee", "pk": 2, "fields": {"title": "Mr.", "firstname": "Test", "lastname": "User", "date_of_birth": "2022-08-10", "contact_number": "09993087081", "email": "admin@yopmail.com", "date_of_joining": "2022-08-19"}}, {"model": "employee.employee", "pk": 3, "fields": {"title": "Ms.", "firstname": "Shailja", "lastname": "Vishwakarma", "date_of_birth": "2022-08-02", "contact_number": "09993087081", "email": "shailjavishwakarma27@gmail.com", "date_of_joining": "2022-08-17"}}, {"model": "employee.employee", "pk": 4, "fields": {"title": "Ms.", "firstname": "Rebecca", "lastname": "Lutz", "date_of_birth": "1993-08-08", "contact_number": "Range.", "email": "vjordan@example.org", "date_of_joining": "2000-03-20"}}, {"model": "employee.employee", "pk": 5, "fields": {"title": "Sr.", "firstname": "Timothy", "lastname": "Roberts", "date_of_birth": "1986-10-26", "contact_number": "Event produce.", "email": "clayadam@example.com", "date_of_joining": "1973-07-08"}}, {"model": "employee.employee", "pk": 6, "fields": {"title": "Mrs.", "firstname": "Michael", "lastname": "Hernandez", "date_of_birth": "1981-05-14", "contact_number": "Far movie no.", "email": "colleenclarke@example.net", "date_of_joining": "1995-07-15"}}, {"model": "employee.employee", "pk": 7, "fields": {"title": "Ms.", "firstname": "Kayla", "lastname": "White", "date_of_birth": "2021-06-19", "contact_number": "Anyone agree.", "email": "pamela98@example.org", "date_of_joining": "1984-07-05"}}, {"model": "employee.employee", "pk": 8, "fields": {"title": "Ms.", "firstname": "Tony", "lastname": "Gonzalez", "date_of_birth": "1979-07-04", "contact_number": "When certain.", "email": "kenneth35@example.org", "date_of_joining": "2015-02-19"}}, {"model": "employee.employee", "pk": 9, "fields": {"title": "Ms.", "firstname": "Thomas", "lastname": "Rodriguez", "date_of_birth": "1995-09-15", "contact_number": "Attention well.", "email": "aaron31@example.org", "date_of_joining": "1979-04-12"}}, {"model": "employee.employee", "pk": 10, "fields": {"title": "Mrs.", "firstname": "Timothy", "lastname": "Wilson", "date_of_birth": "1991-09-09", "contact_number": "Season.", "email": "hpollard@example.org", "date_of_joining": "2019-12-02"}}, {"model": "employee.employee", "pk": 11, "fields": {"title": "Mrs.", "firstname": "Wendy", "lastname": "Smith", "date_of_birth": "2019-05-27", "contact_number": "Provide anyone.", "email": "gregoryharris@example.net", "date_of_joining": "2006-11-12"}}, {"model": "employee.employee", "pk": 12, "fields": {"title": "Jr.", "firstname": "Brandy", "lastname": "Smith", "date_of_birth": "1990-07-23", "contact_number": "Break.", "email": "wilcoxjesus@example.org", "date_of_joining": "1983-12-31"}}, {"model": "employee.employee", "pk": 13, "fields": {"title": "Mrs.", "firstname": "Tina", "lastname": "Garcia", "date_of_birth": "1973-03-25", "contact_number": "Today land.", "email": "christopherquinn@example.net", "date_of_joining": "1999-02-02"}}, {"model": "employee.contract", "pk": 1, "fields": {"name": "Wind local piece parent.", "start_date": "2011-01-03", "end_date": "1991-08-28", "salary": "Tend court agree.", "employee": 4}}, {"model": "employee.contract", "pk": 2, "fields": {"name": "New authority girl answer social.", "start_date": "1989-05-08", "end_date": "2018-03-11", "salary": "Democratic.", "employee": 5}}, {"model": "employee.contract", "pk": 3, "fields": {"name": "Clear author cultural fight.", "start_date": "1983-08-13", "end_date": "1973-06-13", "salary": "Building according.", "employee": 4}}, {"model": "employee.contract", "pk": 4, "fields": {"name": "Ten receive artist ready whether.", "start_date": "2018-10-05", "end_date": "1979-09-19", "salary": "Machine any total.", "employee": 12}}, {"model": "employee.contract", "pk": 5, "fields": {"name": "Former task popular.", "start_date": "1981-11-27", "end_date": "2015-10-06", "salary": "Hour minute only.", "employee": 7}}, {"model": "employee.contract", "pk": 6, "fields": {"name": "Event generation help in.", "start_date": "2013-07-18", "end_date": "2017-05-13", "salary": "Collection on.", "employee": 7}}, {"model": "employee.contract", "pk": 7, "fields": {"name": "Service provide national benefit three.", "start_date": "1990-05-15", "end_date": "1982-09-16", "salary": "Response view think.", "employee": 12}}, {"model": "employee.contract", "pk": 8, "fields": {"name": "Add movie though.", "start_date": "2018-02-06", "end_date": "1977-10-23", "salary": "Movie protect.", "employee": 6}}, {"model": "employee.contract", "pk": 9, "fields": {"name": "Member opportunity peace goal.", "start_date": "2000-04-28", "end_date": "2001-10-08", "salary": "Book major risk.", "employee": 5}}, {"model": "employee.contract", "pk": 10, "fields": {"name": "Need try same prove at recently teach.", "start_date": "1993-08-18", "end_date": "2001-06-13", "salary": "Be start upon fire.", "employee": 12}}, {"model": "attendance.employeeattendance", "pk": 3, "fields": {"employee": 4, "date": "2022-08-09", "status": "P"}}, {"model": "attendance.employeeattendance", "pk": 6, "fields": {"employee": 1, "date": "2022-07-18", "status": "P"}}, {"model": "attendance.employeeattendance", "pk": 7, "fields": {"employee": 6, "date": "2022-08-22", "status": "P"}}, {"model": "attendance.employeeattendance", "pk": 8, "fields": {"employee": 8, "date": "2022-08-14", "status": "P"}}, {"model": "attendance.employeeattendance", "pk": 9, "fields": {"employee": 12, "date": "2022-08-03", "status": "H"}}, {"model": "attendance.employeeattendance", "pk": 10, "fields": {"employee": 11, "date": "2022-08-27", "status": "L"}}, {"model": "attendance.employeeattendance", "pk": 11, "fields": {"employee": 7, "date": "2022-09-04", "status": "H"}}, {"model": "attendance.employeeattendance", "pk": 13, "fields": {"employee": 6, "date": "2022-09-08", "status": "L"}}, {"model": "attendance.employeeattendance", "pk": 14, "fields": {"employee": 6, "date": "2022-08-23", "status": "H"}}, {"model": "attendance.employeeattendance", "pk": 15, "fields": {"employee": 6, "date": "2022-09-14", "status": "P"}}, {"model": "attendance.employeeattendance", "pk": 16, "fields": {"employee": 6, "date": "2022-09-07", "status": "P"}}, {"model": "attendance.employeeattendance", "pk": 17, "fields": {"employee": 4, "date": "2022-08-03", "status": "P"}}, {"model": "attendance.employeeattendance", "pk": 24, "fields": {"employee": 10, "date": "2022-08-02", "status": "L"}}, {"model": "attendance.employeeattendance", "pk": 25, "fields": {"employee": 1, "date": "2022-08-04", "status": "P"}}, {"model": "attendance.employeeattendance", "pk": 27, "fields": {"employee": 13, "date": "2022-08-10", "status": "H"}}, {"model": "attendance.employeeattendance", "pk": 28, "fields": {"employee": 13, "date": "2022-08-05", "status": "P"}}, {"model": "attendance.employeeattendance", "pk": 29, "fields": {"employee": 13, "date": "2022-08-11", "status": "L"}}, {"model": "attendance.employeeattendance", "pk": 31, "fields": {"employee": 13, "date": "2022-08-12", "status": "P"}}, {"model": "attendance.employeeattendance", "pk": 32, "fields": {"employee": 1, "date": "2022-08-06", "status": "P"}}, {"model": "attendance.employeeattendance", "pk": 37, "fields": {"employee": 2, "date": "2022-08-02", "status": "P"}}, {"model": "attendance.employeeattendance", "pk": 38, "fields": {"employee": 2, "date": "2022-08-01", "status": "P"}}, {"model": "attendance.employeeattendance", "pk": 39, "fields": {"employee": 11, "date": "2022-07-13", "status": "P"}}, {"model": "attendance.employeeattendance", "pk": 40, "fields": {"employee": 4, "date": "2022-08-29", "status": "L"}}, {"model": "attendance.employeeattendance", "pk": 41, "fields": {"employee": 2, "date": "2022-08-03", "status": "L"}}, {"model": "attendance.employeeattendance", "pk": 42, "fields": {"employee": 4, "date": "2022-08-18", "status": "P"}}, {"model": "attendance.employeeattendance", "pk": 43, "fields": {"employee": 1, "date": "2022-08-30", "status": "H"}}, {"model": "attendance.employeeattendance", "pk": 44, "fields": {"employee": 7, "date": "2022-09-29", "status": "P"}}, {"model": "attendance.employeeattendance", "pk": 45, "fields": {"employee": 1, "date": "2022-08-10", "status": "A"}}, {"model": "attendance.employeeattendance", "pk": 46, "fields": {"employee": 4, "date": "2022-09-03", "status": "H"}}, {"model": "attendance.employeeattendance", "pk": 47, "fields": {"employee": 4, "date": "2022-09-10", "status": "L"}}, {"model": "attendance.employeeattendance", "pk": 48, "fields": {"employee": 4, "date": "2022-09-06", "status": "H"}}, {"model": "attendance.employeeattendance", "pk": 49, "fields": {"employee": 4, "date": "2022-09-01", "status": "A"}}, {"model": "attendance.employeeattendance", "pk": 50, "fields": {"employee": 4, "date": "2022-09-02", "status": "H"}}, {"model": "attendance.employeeattendance", "pk": 109, "fields": {"employee": 1, "date": "2022-09-01", "status": "H"}}, {"model": "attendance.employeeattendance", "pk": 126, "fields": {"employee": 2, "date": "2022-09-12", "status": "A"}}, {"model": "attendance.employeeattendance", "pk": 134, "fields": {"employee": 4, "date": "2022-09-15", "status": "A"}}, {"model": "attendance.employeeattendance", "pk": 136, "fields": {"employee": 4, "date": "2022-09-14", "status": "A"}}, {"model": "attendance.employeeattendance", "pk": 138, "fields": {"employee": 7, "date": "2022-09-10", "status": "P"}}, {"model": "attendance.employeeattendance", "pk": 140, "fields": {"employee": 2, "date": "2022-09-01", "status": "L"}}, {"model": "attendance.employeeattendance", "pk": 141, "fields": {"employee": 2, "date": "2022-09-02", "status": "A"}}, {"model": "attendance.employeeattendance", "pk": 142, "fields": {"employee": 2, "date": "2022-09-03", "status": "P"}}, {"model": "attendance.employeeattendance", "pk": 143, "fields": {"employee": 2, "date": "2022-09-04", "status": "H"}}, {"model": "attendance.employeeattendance", "pk": 144, "fields": {"employee": 2, "date": "2022-09-05", "status": "P"}}, {"model": "attendance.employeeattendance", "pk": 145, "fields": {"employee": 7, "date": "2022-09-01", "status": "H"}}, {"model": "attendance.employeeattendance", "pk": 146, "fields": {"employee": 6, "date": "2022-09-01", "status": "L"}}, {"model": "attendance.employeeattendance", "pk": 147, "fields": {"employee": 6, "date": "2022-09-02", "status": "P"}}, {"model": "attendance.employeeattendance", "pk": 148, "fields": {"employee": 7, "date": "2022-09-02", "status": "P"}}, {"model": "attendance.employeeattendance", "pk": 149, "fields": {"employee": 4, "date": "2022-08-01", "status": "P"}}, {"model": "attendance.employeeattendance", "pk": 150, "fields": {"employee": 1, "date": "2022-09-02", "status": "A"}}, {"model": "attendance.employeeattendance", "pk": 151, "fields": {"employee": 1, "date": "2022-09-03", "status": "H"}}, {"model": "attendance.employeeattendance", "pk": 152, "fields": {"employee": 1, "date": "2022-09-04", "status": "H"}}, {"model": "attendance.employeeattendance", "pk": 153, "fields": {"employee": 1, "date": "2022-09-07", "status": "P"}}, {"model": "attendance.employeeattendance", "pk": 154, "fields": {"employee": 1, "date": "2022-09-06", "status": "L"}}, {"model": "attendance.employeeattendance", "pk": 155, "fields": {"employee": 1, "date": "2022-09-05", "status": "H"}}, {"model": "attendance.employeeattendance", "pk": 156, "fields": {"employee": 3, "date": "2022-08-24", "status": "H"}}]